{"position":{"x":1.322805404663086,"y":4.76837158203125e-7,"z":0.5619735717773438},"rotation":{"x":0.0,"y":89.99998474121094,"z":0.0},"switchWeapon":0,"sceneID":1}