{"position":{"x":316.0194091796875,"y":55.44000244140625,"z":-29.990001678466798},"rotation":{"x":0.0,"y":119.0999526977539,"z":0.0},"switchWeapon":0,"sceneID":1}