{"position":{"x":1.4201469421386719,"y":-0.000003814697265625,"z":0.7925567626953125},"rotation":{"x":0.0,"y":0.0,"z":0.0},"switchWeapon":2,"sceneID":2}