{"position":{"x":15.702524185180664,"y":0.0,"z":1.3567352294921876},"rotation":{"x":0.0,"y":90.0,"z":0.0},"switchWeapon":2,"sceneID":2}