{"position":{"x":209.22938537597657,"y":5.300000190734863,"z":-202.87001037597657},"rotation":{"x":0.0,"y":177.90000915527345,"z":0.0},"switchWeapon":2,"sceneID":2}