{"position":{"x":1477.661865234375,"y":43.722373962402347,"z":119.04740905761719},"rotation":{"x":-3.352339206230681e-7,"y":138.00314331054688,"z":-2.6429214017298366e-7},"switchWeapon":2,"sceneID":1}