{"position":{"x":650.4403076171875,"y":-268.2108154296875,"z":-189.1908721923828},"rotation":{"x":0.0,"y":1.7999612092971802,"z":0.0},"switchWeapon":2,"sceneID":3}