{"position":{"x":421.9294128417969,"y":15.299999237060547,"z":-166.89999389648438},"rotation":{"x":0.0,"y":36.29991149902344,"z":0.0},"switchWeapon":2,"sceneID":2}