{"position":{"x":2653.947509765625,"y":91.07823181152344,"z":-3.41607666015625},"rotation":{"x":0.0,"y":81.91300201416016,"z":0.0},"switchWeapon":2,"sceneID":1}