{"position":{"x":1938.1502685546875,"y":763.974853515625,"z":269.769775390625},"rotation":{"x":0.0,"y":356.8860168457031,"z":0.0},"switchWeapon":2,"sceneID":1}