{"position":{"x":535.4601440429688,"y":30.0,"z":177.90057373046876},"rotation":{"x":0.0,"y":358.1999816894531,"z":0.0},"switchWeapon":2,"sceneID":3}