{"position":{"x":2653.947509765625,"y":91.07823181152344,"z":-3.41607666015625},"rotation":{"x":359.95587158203127,"y":63.824928283691409,"z":359.9102478027344},"switchWeapon":2,"sceneID":1}