{"position":{"x":1167.8421630859375,"y":0.5525054931640625,"z":169.69903564453126},"rotation":{"x":0.0,"y":117.59992980957031,"z":0.0},"switchWeapon":1,"sceneID":1}