{"position":{"x":2270.515625,"y":564.800048828125,"z":309.31048583984377},"rotation":{"x":0.0,"y":126.29996490478516,"z":0.0},"switchWeapon":2,"sceneID":2}