{"position":{"x":2271.97705078125,"y":556.6643676757813,"z":306.49383544921877},"rotation":{"x":0.0,"y":0.0,"z":0.0},"switchWeapon":0,"sceneID":3}