{"position":{"x":310.4280700683594,"y":19.999998092651368,"z":-0.41880035400390627},"rotation":{"x":0.0,"y":83.09996795654297,"z":0.0},"switchWeapon":2,"sceneID":2}