{"position":{"x":390.82940673828127,"y":31.799999237060548,"z":169.0},"rotation":{"x":0.0,"y":61.79998779296875,"z":0.0},"switchWeapon":2,"sceneID":2}