{"position":{"x":421.9294128417969,"y":15.299999237060547,"z":-166.89999389648438},"rotation":{"x":0.0,"y":5.999964714050293,"z":0.0},"switchWeapon":0,"sceneID":2}