{"position":{"x":5.029387474060059,"y":5.400000095367432,"z":0.779998779296875},"rotation":{"x":0.0,"y":0.0,"z":0.0},"switchWeapon":0,"sceneID":1}