{"position":{"x":316.0194091796875,"y":55.44000244140625,"z":-29.990001678466798},"rotation":{"x":0.0,"y":77.10003662109375,"z":0.0},"switchWeapon":2,"sceneID":1}