{"position":{"x":1939.4732666015625,"y":-380.0000915527344,"z":123.70718383789063},"rotation":{"x":0.0,"y":357.57513427734377,"z":0.0},"switchWeapon":2,"sceneID":2}