{"position":{"x":1234.329345703125,"y":3.1000001430511476,"z":-184.38278198242188},"rotation":{"x":0.0,"y":143.9997100830078,"z":0.0},"switchWeapon":2,"sceneID":1}