{"position":{"x":292.74078369140627,"y":20.58249282836914,"z":-0.7527694702148438},"rotation":{"x":0.0,"y":90.0,"z":0.0},"switchWeapon":0,"sceneID":1}