{"position":{"x":701.552978515625,"y":-61.24522399902344,"z":0.6790847778320313},"rotation":{"x":0.0,"y":95.38998413085938,"z":0.0},"switchWeapon":0,"sceneID":1}