{"position":{"x":421.9294128417969,"y":15.299999237060547,"z":-152.52999877929688},"rotation":{"x":0.0,"y":12.899922370910645,"z":0.0},"switchWeapon":2,"sceneID":2}