{"position":{"x":1174.0,"y":37.70000076293945,"z":174.0},"rotation":{"x":0.0,"y":132.16537475585938,"z":0.0},"switchWeapon":1,"sceneID":1}